timeStamp,elapsed,label,responseCode,responseMessage,threadName,dataType,success,failureMessage,bytes,sentBytes,grpThreads,allThreads,URL,Latency,IdleTime,Connect
1710238761227,281,Signup,201,Created,Load Test 1-1,text,true,,876,287,2,2,http://localhost:5000/user/signup,277,0,17
1710238761358,175,Signup,201,Created,Load Test 1-2,text,true,,876,287,2,2,http://localhost:5000/user/signup,175,0,1
1710238761533,141,Login,200,OK,Load Test 1-1,text,true,,1232,234,3,3,http://localhost:5000/user/login,128,0,1
1710238761672,2,Login-0,200,OK,Load Test 1-1,text,true,,340,0,3,3,null,0,0,0
1710238761534,235,Login,200,OK,Load Test 1-2,text,true,,1233,234,4,4,http://localhost:5000/user/login,234,0,1
1710238761769,0,Login-0,200,OK,Load Test 1-2,text,true,,341,0,4,4,null,0,0,0
1710238761675,426,Signup,201,Created,Load Test 1-1,text,true,,876,287,5,5,http://localhost:5000/user/signup,426,0,1
1710238761558,544,Signup,201,Created,Load Test 1-3,text,true,,876,287,5,5,http://localhost:5000/user/signup,544,0,1
1710238761758,591,Signup,201,Created,Load Test 1-4,text,true,,876,287,6,6,http://localhost:5000/user/signup,590,0,0
1710238762102,250,Login,200,OK,Load Test 1-1,text,true,,1232,234,6,6,http://localhost:5000/user/login,250,0,0
1710238762352,0,Login-0,200,OK,Load Test 1-1,text,true,,340,0,6,6,null,0,0,0
1710238761957,630,Signup,201,Created,Load Test 1-5,text,true,,876,287,8,8,http://localhost:5000/user/signup,629,0,1
1710238762353,237,Login,200,OK,Load Test 1-4,text,true,,1233,234,8,8,http://localhost:5000/user/login,237,0,3
1710238762590,0,Login-0,200,OK,Load Test 1-4,text,true,,341,0,8,8,null,0,0,0
1710238762158,608,Signup,201,Created,Load Test 1-6,text,true,,876,287,9,9,http://localhost:5000/user/signup,608,0,0
1710238762353,480,Signup,201,Created,Load Test 1-1,text,true,,876,287,9,9,http://localhost:5000/user/signup,480,0,1
1710238762103,733,Login,200,OK,Load Test 1-3,text,true,,1233,234,9,9,http://localhost:5000/user/login,733,0,0
1710238762836,0,Login-0,200,OK,Load Test 1-3,text,true,,341,0,9,9,null,0,0,0
1710238762358,547,Signup,201,Created,Load Test 1-7,text,true,,878,288,9,9,http://localhost:5000/user/signup,547,0,0
1710238761769,1205,Signup,201,Created,Load Test 1-2,text,true,,876,287,10,10,http://localhost:5000/user/signup,1204,0,1
1710238762588,454,Login,200,OK,Load Test 1-5,text,true,,1232,234,10,10,http://localhost:5000/user/login,454,0,0
1710238763042,0,Login-0,200,OK,Load Test 1-5,text,true,,340,0,10,10,null,0,0,0
1710238762558,696,Signup,201,Created,Load Test 1-8,text,true,,878,288,10,10,http://localhost:5000/user/signup,696,0,1
1710238762766,555,Login,200,OK,Load Test 1-6,text,true,,1233,234,10,10,http://localhost:5000/user/login,555,0,1
1710238763321,0,Login-0,200,OK,Load Test 1-6,text,true,,341,0,10,10,null,0,0,0
1710238762834,556,Login,200,OK,Load Test 1-1,text,true,,1232,234,10,10,http://localhost:5000/user/login,556,0,0
1710238763390,0,Login-0,200,OK,Load Test 1-1,text,true,,340,0,10,10,null,0,0,0
1710238762591,868,Signup,201,Created,Load Test 1-4,text,true,,878,288,10,10,http://localhost:5000/user/signup,868,0,0
1710238762974,491,Login,200,OK,Load Test 1-2,text,true,,1233,234,10,10,http://localhost:5000/user/login,491,0,0
1710238763465,0,Login-0,200,OK,Load Test 1-2,text,true,,341,0,10,10,null,0,0,0
1710238762758,773,Signup,201,Created,Load Test 1-9,text,true,,878,288,10,10,http://localhost:5000/user/signup,773,0,0
1710238762958,574,Signup,201,Created,Load Test 1-10,text,true,,878,288,10,10,http://localhost:5000/user/signup,574,0,0
1710238763255,365,Login,200,OK,Load Test 1-8,text,true,,1236,235,10,10,http://localhost:5000/user/login,365,0,0
1710238763620,0,Login-0,200,OK,Load Test 1-8,text,true,,342,0,10,10,null,0,0,0
1710238763043,645,Signup,201,Created,Load Test 1-5,text,true,,878,288,10,10,http://localhost:5000/user/signup,645,0,1
1710238763460,423,Login,200,OK,Load Test 1-4,text,true,,1236,235,10,10,http://localhost:5000/user/login,422,0,0
1710238763883,0,Login-0,200,OK,Load Test 1-4,text,true,,342,0,10,10,null,0,0,0
1710238763532,549,Login,200,OK,Load Test 1-9,text,true,,1236,235,10,10,http://localhost:5000/user/login,548,0,0
1710238764081,0,Login-0,200,OK,Load Test 1-9,text,true,,342,0,10,10,null,0,0,0
1710238763533,548,Login,200,OK,Load Test 1-10,text,true,,1237,235,10,10,http://localhost:5000/user/login,548,0,0
1710238764081,0,Login-0,200,OK,Load Test 1-10,text,true,,343,0,10,10,null,0,0,0
1710238762906,1175,Login,200,OK,Load Test 1-7,text,true,,1236,235,10,10,http://localhost:5000/user/login,1175,0,0
1710238764081,0,Login-0,200,OK,Load Test 1-7,text,true,,342,0,10,10,null,0,0,0
1710238763466,686,Signup,201,Created,Load Test 1-2,text,true,,878,288,10,10,http://localhost:5000/user/signup,685,0,0
1710238763391,761,Signup,201,Created,Load Test 1-1,text,true,,878,288,10,10,http://localhost:5000/user/signup,761,0,0
1710238763322,831,Signup,201,Created,Load Test 1-6,text,true,,878,288,10,10,http://localhost:5000/user/signup,831,0,0
1710238762836,1386,Signup,201,Created,Load Test 1-3,text,true,,878,288,10,10,http://localhost:5000/user/signup,1386,0,1
1710238763689,600,Login,200,OK,Load Test 1-5,text,true,,1235,235,10,10,http://localhost:5000/user/login,600,0,0
1710238764289,0,Login-0,200,OK,Load Test 1-5,text,true,,341,0,10,10,null,0,0,0
1710238763620,890,Signup,201,Created,Load Test 1-8,text,true,,878,288,10,10,http://localhost:5000/user/signup,890,0,1
1710238764153,491,Login,200,OK,Load Test 1-1,text,true,,1235,235,10,10,http://localhost:5000/user/login,490,0,0
1710238764644,0,Login-0,200,OK,Load Test 1-1,text,true,,341,0,10,10,null,0,0,0
1710238764152,557,Login,200,OK,Load Test 1-2,text,true,,1236,235,10,10,http://localhost:5000/user/login,556,0,1
1710238764709,0,Login-0,200,OK,Load Test 1-2,text,true,,342,0,10,10,null,0,0,0
1710238763883,893,Signup,201,Created,Load Test 1-4,text,true,,878,288,10,10,http://localhost:5000/user/signup,893,0,1
1710238764511,358,Login,200,OK,Load Test 1-8,text,true,,1236,235,10,10,http://localhost:5000/user/login,357,0,0
1710238764869,0,Login-0,200,OK,Load Test 1-8,text,true,,342,0,10,10,null,0,0,0
1710238764081,862,Signup,201,Created,Load Test 1-9,text,true,,878,288,10,10,http://localhost:5000/user/signup,862,0,1
1710238764082,862,Signup,201,Created,Load Test 1-7,text,true,,878,288,10,10,http://localhost:5000/user/signup,861,0,0
1710238764290,655,Signup,201,Created,Load Test 1-5,text,true,,878,288,10,10,http://localhost:5000/user/signup,655,0,0
1710238764081,866,Signup,201,Created,Load Test 1-10,text,true,,878,288,10,10,http://localhost:5000/user/signup,866,0,1
1710238764776,172,Login,200,OK,Load Test 1-4,text,true,,1236,235,10,10,http://localhost:5000/user/login,172,0,1
1710238764948,0,Login-0,200,OK,Load Test 1-4,text,true,,342,0,10,10,null,0,0,0
1710238764154,1020,Login,200,OK,Load Test 1-6,text,true,,1236,235,10,10,http://localhost:5000/user/login,1019,0,0
1710238765174,0,Login-0,200,OK,Load Test 1-6,text,true,,342,0,10,10,null,0,0,0
1710238764645,885,Signup,201,Created,Load Test 1-1,text,true,,878,288,10,10,http://localhost:5000/user/signup,885,0,0
1710238764709,822,Signup,201,Created,Load Test 1-2,text,true,,878,288,10,10,http://localhost:5000/user/signup,822,0,1
1710238764222,1311,Login,200,OK,Load Test 1-3,text,true,,1236,235,10,10,http://localhost:5000/user/login,1310,0,1
1710238765532,1,Login-0,200,OK,Load Test 1-3,text,true,,342,0,10,10,null,0,0,0
1710238764943,591,Login,200,OK,Load Test 1-9,text,true,,1236,235,10,10,http://localhost:5000/user/login,590,0,1
1710238765533,1,Login-0,200,OK,Load Test 1-9,text,true,,342,0,10,10,null,0,0,0
1710238764947,588,Login,200,OK,Load Test 1-10,text,true,,1237,235,10,10,http://localhost:5000/user/login,588,0,1
1710238765535,0,Login-0,200,OK,Load Test 1-10,text,true,,343,0,10,10,null,0,0,0
1710238764944,592,Login,200,OK,Load Test 1-7,text,true,,1236,235,10,10,http://localhost:5000/user/login,591,0,1
1710238765536,0,Login-0,200,OK,Load Test 1-7,text,true,,342,0,10,10,null,0,0,0
1710238764946,657,Login,200,OK,Load Test 1-5,text,true,,1235,235,10,10,http://localhost:5000/user/login,657,0,1
1710238765603,0,Login-0,200,OK,Load Test 1-5,text,true,,341,0,10,10,null,0,0,0
1710238764869,956,Signup,201,Created,Load Test 1-8,text,true,,878,288,10,10,http://localhost:5000/user/signup,956,0,1
1710238765531,362,Login,200,OK,Load Test 1-1,text,true,,1235,235,10,10,http://localhost:5000/user/login,362,0,0
1710238765893,0,Login-0,200,OK,Load Test 1-1,text,true,,341,0,10,10,null,0,0,0
1710238765532,362,Login,200,OK,Load Test 1-2,text,true,,1236,235,10,10,http://localhost:5000/user/login,362,0,0
1710238765894,0,Login-0,200,OK,Load Test 1-2,text,true,,342,0,10,10,null,0,0,0
1710238765174,985,Signup,201,Created,Load Test 1-6,text,true,,878,288,10,10,http://localhost:5000/user/signup,985,0,1
1710238765536,716,Signup,201,Created,Load Test 1-10,text,true,,878,288,10,10,http://localhost:5000/user/signup,716,0,0
1710238765534,719,Signup,201,Created,Load Test 1-9,text,true,,878,288,10,10,http://localhost:5000/user/signup,719,0,0
1710238765604,650,Signup,201,Created,Load Test 1-5,text,true,,878,288,10,10,http://localhost:5000/user/signup,650,0,0
1710238765536,786,Signup,201,Created,Load Test 1-7,text,true,,878,288,10,10,http://localhost:5000/user/signup,786,0,0
1710238765533,856,Signup,201,Created,Load Test 1-3,text,true,,878,288,10,10,http://localhost:5000/user/signup,856,0,0
1710238765826,632,Login,200,OK,Load Test 1-8,text,true,,1236,235,10,10,http://localhost:5000/user/login,632,0,0
1710238766458,0,Login-0,200,OK,Load Test 1-8,text,true,,342,0,10,10,null,0,0,0
1710238766160,366,Login,200,OK,Load Test 1-6,text,true,,1236,235,10,10,http://localhost:5000/user/login,366,0,1
1710238766526,0,Login-0,200,OK,Load Test 1-6,text,true,,342,0,10,10,null,0,0,0
1710238764948,1579,Signup,201,Created,Load Test 1-4,text,true,,878,288,10,10,http://localhost:5000/user/signup,1579,0,1
1710238766253,365,Login,200,OK,Load Test 1-9,text,true,,1236,235,10,10,http://localhost:5000/user/login,365,0,1
1710238766618,0,Login-0,200,OK,Load Test 1-9,text,true,,342,0,10,10,null,0,0,0
1710238765894,1058,Signup,201,Created,Load Test 1-1,text,true,,878,288,10,10,http://localhost:5000/user/signup,1058,0,0
1710238765894,1058,Signup,201,Created,Load Test 1-2,text,true,,878,288,10,10,http://localhost:5000/user/signup,1058,0,1
1710238766253,700,Login,200,OK,Load Test 1-10,text,true,,1237,235,10,10,http://localhost:5000/user/login,700,0,0
1710238766953,0,Login-0,200,OK,Load Test 1-10,text,true,,343,0,10,10,null,0,0,0
1710238766254,700,Login,200,OK,Load Test 1-5,text,true,,1235,235,10,10,http://localhost:5000/user/login,700,0,1
1710238766954,0,Login-0,200,OK,Load Test 1-5,text,true,,341,0,10,10,null,0,0,0
1710238766323,632,Login,200,OK,Load Test 1-7,text,true,,1236,235,10,10,http://localhost:5000/user/login,632,0,0
1710238766955,0,Login-0,200,OK,Load Test 1-7,text,true,,342,0,10,10,null,0,0,0
1710238766390,566,Login,200,OK,Load Test 1-3,text,true,,1236,235,10,10,http://localhost:5000/user/login,566,0,0
1710238766956,0,Login-0,200,OK,Load Test 1-3,text,true,,342,0,10,10,null,0,0,0
1710238766527,430,Login,200,OK,Load Test 1-4,text,true,,1236,235,10,10,http://localhost:5000/user/login,430,0,1
1710238766957,0,Login-0,200,OK,Load Test 1-4,text,true,,342,0,10,10,null,0,0,0
1710238766459,985,Signup,201,Created,Load Test 1-8,text,true,,878,288,10,10,http://localhost:5000/user/signup,985,0,0
1710238766527,920,Signup,201,Created,Load Test 1-6,text,true,,878,288,10,10,http://localhost:5000/user/signup,920,0,0
1710238766952,498,Login,200,OK,Load Test 1-1,text,true,,1235,235,10,10,http://localhost:5000/user/login,497,0,1
1710238767450,0,Login-0,200,OK,Load Test 1-1,text,true,,341,0,10,10,null,0,0,0
1710238766619,1350,Signup,201,Created,Load Test 1-9,text,true,,878,288,10,10,http://localhost:5000/user/signup,1350,0,0
1710238766953,1017,Login,200,OK,Load Test 1-2,text,true,,1236,235,10,10,http://localhost:5000/user/login,1017,0,0
1710238767970,0,Login-0,200,OK,Load Test 1-2,text,true,,342,0,10,10,null,0,0,0
1710238766957,1355,Signup,201,Created,Load Test 1-3,text,true,,878,288,10,10,http://localhost:5000/user/signup,1355,0,0
1710238766957,1357,Signup,201,Created,Load Test 1-4,text,true,,878,288,10,10,http://localhost:5000/user/signup,1357,0,1
1710238766954,1362,Signup,201,Created,Load Test 1-10,text,true,,878,288,10,10,http://localhost:5000/user/signup,1362,0,0
1710238766956,1361,Signup,201,Created,Load Test 1-7,text,true,,878,288,10,10,http://localhost:5000/user/signup,1361,0,0
1710238766954,1365,Signup,201,Created,Load Test 1-5,text,true,,878,288,10,10,http://localhost:5000/user/signup,1365,0,1
1710238767448,872,Login,200,OK,Load Test 1-6,text,true,,1236,235,10,10,http://localhost:5000/user/login,872,0,0
1710238768320,0,Login-0,200,OK,Load Test 1-6,text,true,,342,0,10,10,null,0,0,0
1710238767445,1085,Login,200,OK,Load Test 1-8,text,true,,1236,235,10,10,http://localhost:5000/user/login,1085,0,1
1710238768530,0,Login-0,200,OK,Load Test 1-8,text,true,,342,0,10,10,null,0,0,0
1710238767970,565,Login,200,OK,Load Test 1-9,text,true,,1236,235,10,10,http://localhost:5000/user/login,565,0,1
1710238768535,0,Login-0,200,OK,Load Test 1-9,text,true,,342,0,10,10,null,0,0,0
1710238768313,348,Login,200,OK,Load Test 1-3,text,true,,1236,235,10,10,http://localhost:5000/user/login,348,0,1
1710238768661,0,Login-0,200,OK,Load Test 1-3,text,true,,342,0,10,10,null,0,0,0
1710238767450,1613,Signup,201,Created,Load Test 1-1,text,true,,878,288,10,10,http://localhost:5000/user/signup,1613,0,0
1710238767971,1093,Signup,201,Created,Load Test 1-2,text,true,,878,288,10,10,http://localhost:5000/user/signup,1093,0,0
1710238768314,751,Login,200,OK,Load Test 1-4,text,true,,1236,235,10,10,http://localhost:5000/user/login,751,0,1
1710238769065,0,Login-0,200,OK,Load Test 1-4,text,true,,342,0,10,10,null,0,0,0
1710238768317,750,Login,200,OK,Load Test 1-7,text,true,,1236,235,10,10,http://localhost:5000/user/login,749,0,1
1710238769067,0,Login-0,200,OK,Load Test 1-7,text,true,,342,0,10,10,null,0,0,0
1710238768317,751,Login,200,OK,Load Test 1-10,text,true,,1237,235,10,10,http://localhost:5000/user/login,750,0,1
1710238769068,0,Login-0,200,OK,Load Test 1-10,text,true,,343,0,10,10,null,0,0,0
1710238768319,749,Login,200,OK,Load Test 1-5,text,true,,1235,235,10,10,http://localhost:5000/user/login,749,0,1
1710238769068,0,Login-0,200,OK,Load Test 1-5,text,true,,341,0,10,10,null,0,0,0
1710238768535,1169,Signup,201,Created,Load Test 1-9,text,true,,878,288,10,10,http://localhost:5000/user/signup,1169,0,1
1710238768531,1175,Signup,201,Created,Load Test 1-8,text,true,,878,288,10,10,http://localhost:5000/user/signup,1175,0,0
1710238768321,1387,Signup,201,Created,Load Test 1-6,text,true,,878,288,10,10,http://localhost:5000/user/signup,1386,0,0
1710238769064,1076,Login,200,OK,Load Test 1-1,text,true,,1235,235,10,10,http://localhost:5000/user/login,1076,0,0
1710238770140,0,Login-0,200,OK,Load Test 1-1,text,true,,341,0,10,10,null,0,0,0
1710238769065,1076,Login,200,OK,Load Test 1-2,text,true,,1236,235,10,10,http://localhost:5000/user/login,1076,0,0
1710238770141,0,Login-0,200,OK,Load Test 1-2,text,true,,342,0,10,10,null,0,0,0
1710238768662,1509,Signup,201,Created,Load Test 1-3,text,true,,878,288,10,10,http://localhost:5000/user/signup,1508,0,0
1710238769066,1414,Signup,201,Created,Load Test 1-4,text,true,,878,288,10,10,http://localhost:5000/user/signup,1414,0,0
1710238769068,1413,Signup,201,Created,Load Test 1-10,text,true,,878,288,10,10,http://localhost:5000/user/signup,1413,0,1
1710238769067,1416,Signup,201,Created,Load Test 1-7,text,true,,878,288,10,10,http://localhost:5000/user/signup,1415,0,0
1710238769068,1416,Signup,201,Created,Load Test 1-5,text,true,,878,288,10,10,http://localhost:5000/user/signup,1416,0,1
1710238769705,781,Login,200,OK,Load Test 1-9,text,true,,1236,235,10,10,http://localhost:5000/user/login,780,0,1
1710238770485,1,Login-0,200,OK,Load Test 1-9,text,true,,342,0,10,10,null,0,0,0
1710238769706,985,Login,200,OK,Load Test 1-8,text,true,,1236,235,10,10,http://localhost:5000/user/login,985,0,1
1710238770691,0,Login-0,200,OK,Load Test 1-8,text,true,,342,0,10,10,null,0,0,0
1710238769708,1000,Login,200,OK,Load Test 1-6,text,true,,1236,235,10,10,http://localhost:5000/user/login,1000,0,0
1710238770708,0,Login-0,200,OK,Load Test 1-6,text,true,,342,0,10,10,null,0,0,0
1710238770142,1110,Signup,201,Created,Load Test 1-1,text,true,,878,288,10,10,http://localhost:5000/user/signup,1110,0,1
1710238770141,1112,Signup,201,Created,Load Test 1-2,text,true,,878,288,10,10,http://localhost:5000/user/signup,1112,0,1
1710238770171,1083,Login,200,OK,Load Test 1-3,text,true,,1236,235,10,10,http://localhost:5000/user/login,1083,0,1
1710238771254,0,Login-0,200,OK,Load Test 1-3,text,true,,342,0,10,10,null,0,0,0
1710238770485,770,Login,200,OK,Load Test 1-5,text,true,,1235,235,10,10,http://localhost:5000/user/login,770,0,0
1710238771255,0,Login-0,200,OK,Load Test 1-5,text,true,,341,0,10,10,null,0,0,0
1710238770482,774,Login,200,OK,Load Test 1-10,text,true,,1237,235,10,10,http://localhost:5000/user/login,774,0,0
1710238771256,0,Login-0,200,OK,Load Test 1-10,text,true,,343,0,10,10,null,0,0,0
1710238770483,875,Login,200,OK,Load Test 1-7,text,true,,1236,235,10,10,http://localhost:5000/user/login,875,0,1
1710238771358,0,Login-0,200,OK,Load Test 1-7,text,true,,342,0,10,10,null,0,0,0
1710238770481,877,Login,200,OK,Load Test 1-4,text,true,,1236,235,10,10,http://localhost:5000/user/login,877,0,0
1710238771358,0,Login-0,200,OK,Load Test 1-4,text,true,,342,0,10,10,null,0,0,0
1710238770708,913,Signup,201,Created,Load Test 1-6,text,true,,878,288,10,10,http://localhost:5000/user/signup,913,0,1
1710238770692,1217,Signup,201,Created,Load Test 1-8,text,true,,878,288,10,10,http://localhost:5000/user/signup,1217,0,0
1710238770486,1423,Signup,201,Created,Load Test 1-9,text,true,,878,288,10,10,http://localhost:5000/user/signup,1423,0,0
1710238771253,789,Login,200,OK,Load Test 1-2,text,true,,1236,235,10,10,http://localhost:5000/user/login,788,0,1
1710238772042,0,Login-0,200,OK,Load Test 1-2,text,true,,342,0,10,10,null,0,0,0
1710238771253,789,Login,200,OK,Load Test 1-1,text,true,,1235,235,10,10,http://localhost:5000/user/login,789,0,0
1710238772042,0,Login-0,200,OK,Load Test 1-1,text,true,,341,0,10,10,null,0,0,0
1710238771621,556,Login,200,OK,Load Test 1-6,text,true,,1236,235,10,10,http://localhost:5000/user/login,556,0,1
1710238772177,0,Login-0,200,OK,Load Test 1-6,text,true,,342,0,10,10,null,0,0,0
1710238771255,923,Signup,201,Created,Load Test 1-3,text,true,,878,288,10,10,http://localhost:5000/user/signup,923,0,0
1710238772178,235,Login,200,OK,Load Test 1-3,text,true,,1236,235,10,10,http://localhost:5000/user/login,235,0,1
1710238772413,0,Login-0,200,OK,Load Test 1-3,text,true,,342,0,10,10,null,0,0,0
1710238771910,634,Login,200,OK,Load Test 1-9,text,true,,1236,235,10,10,http://localhost:5000/user/login,634,0,0
1710238772544,0,Login-0,200,OK,Load Test 1-9,text,true,,342,0,10,10,null,0,0,0
1710238771909,636,Login,200,OK,Load Test 1-8,text,true,,1236,235,10,10,http://localhost:5000/user/login,636,0,1
1710238772545,0,Login-0,200,OK,Load Test 1-8,text,true,,342,0,10,10,null,0,0,0
1710238771257,1289,Signup,201,Created,Load Test 1-10,text,true,,878,288,10,10,http://localhost:5000/user/signup,1289,0,0
1710238771255,1293,Signup,201,Created,Load Test 1-5,text,true,,878,288,10,10,http://localhost:5000/user/signup,1293,0,1
1710238771358,1191,Signup,201,Created,Load Test 1-7,text,true,,878,288,10,10,http://localhost:5000/user/signup,1191,0,1
1710238771359,1191,Signup,201,Created,Load Test 1-4,text,true,,878,288,10,10,http://localhost:5000/user/signup,1191,0,0
1710238772042,580,Signup,201,Created,Load Test 1-2,text,true,,878,288,10,10,http://localhost:5000/user/signup,580,0,1
1710238772042,581,Signup,201,Created,Load Test 1-1,text,true,,878,288,10,10,http://localhost:5000/user/signup,581,0,1
1710238772178,928,Signup,201,Created,Load Test 1-6,text,true,,878,288,10,10,http://localhost:5000/user/signup,928,0,0
1710238772547,561,Login,200,OK,Load Test 1-10,text,true,,1237,235,10,10,http://localhost:5000/user/login,561,0,0
1710238773108,0,Login-0,200,OK,Load Test 1-10,text,true,,343,0,10,10,null,0,0,0
1710238772622,551,Login,200,OK,Load Test 1-2,text,true,,1236,235,10,10,http://localhost:5000/user/login,551,0,1
1710238773173,0,Login-0,200,OK,Load Test 1-2,text,true,,342,0,10,10,null,0,0,0
1710238772549,690,Login,200,OK,Load Test 1-7,text,true,,1236,235,10,10,http://localhost:5000/user/login,690,0,1
1710238773239,0,Login-0,200,OK,Load Test 1-7,text,true,,342,0,10,10,null,0,0,0
1710238772550,689,Login,200,OK,Load Test 1-4,text,true,,1236,235,10,10,http://localhost:5000/user/login,689,0,0
1710238773239,0,Login-0,200,OK,Load Test 1-4,text,true,,342,0,10,10,null,0,0,0
1710238772548,692,Login,200,OK,Load Test 1-5,text,true,,1235,235,10,10,http://localhost:5000/user/login,692,0,0
1710238773240,0,Login-0,200,OK,Load Test 1-5,text,true,,341,0,10,10,null,0,0,0
1710238772623,618,Login,200,OK,Load Test 1-1,text,true,,1235,235,10,10,http://localhost:5000/user/login,618,0,1
1710238773241,0,Login-0,200,OK,Load Test 1-1,text,true,,341,0,10,10,null,0,0,0
1710238772414,828,Signup,201,Created,Load Test 1-3,text,true,,878,288,10,10,http://localhost:5000/user/signup,828,0,0
1710238772545,1050,Signup,201,Created,Load Test 1-8,text,true,,878,288,10,10,http://localhost:5000/user/signup,1050,0,1
1710238772545,1051,Signup,201,Created,Load Test 1-9,text,true,,878,288,10,10,http://localhost:5000/user/signup,1051,0,0
1710238773243,428,Login,200,OK,Load Test 1-3,text,true,,1236,235,10,10,http://localhost:5000/user/login,427,0,0
1710238773671,0,Login-0,200,OK,Load Test 1-3,text,true,,342,0,10,10,null,0,0,0
1710238773107,698,Login,200,OK,Load Test 1-6,text,true,,1236,235,10,10,http://localhost:5000/user/login,698,0,0
1710238773805,0,Login-0,200,OK,Load Test 1-6,text,true,,342,0,10,10,null,0,0,0
1710238773239,567,Signup,201,Created,Load Test 1-7,text,true,,878,288,10,10,http://localhost:5000/user/signup,567,0,1
1710238773174,633,Signup,201,Created,Load Test 1-2,text,true,,878,288,10,10,http://localhost:5000/user/signup,633,0,0
1710238773108,700,Signup,201,Created,Load Test 1-10,text,true,,878,288,10,10,http://localhost:5000/user/signup,700,0,1
1710238773596,371,Login,200,OK,Load Test 1-8,text,true,,1236,235,10,10,http://localhost:5000/user/login,371,0,0
1710238773967,0,Login-0,200,OK,Load Test 1-8,text,true,,342,0,10,10,null,0,0,0
1710238773596,372,Login,200,OK,Load Test 1-9,text,true,,1236,235,10,10,http://localhost:5000/user/login,371,0,1
1710238773967,1,Login-0,200,OK,Load Test 1-9,text,true,,342,0,10,10,null,0,0,0
1710238773240,947,Signup,201,Created,Load Test 1-5,text,true,,878,288,10,10,http://localhost:5000/user/signup,947,0,0
1710238773239,949,Signup,201,Created,Load Test 1-4,text,true,,878,288,10,10,http://localhost:5000/user/signup,949,0,1
1710238773241,948,Signup,201,Created,Load Test 1-1,text,true,,878,288,10,10,http://localhost:5000/user/signup,947,0,1
1710238773806,529,Login,200,OK,Load Test 1-7,text,true,,1236,235,10,10,http://localhost:5000/user/login,528,0,1
1710238774335,0,Login-0,200,OK,Load Test 1-7,text,true,,342,0,10,10,null,0,0,0
1710238773809,527,Login,200,OK,Load Test 1-10,text,true,,1237,235,10,10,http://localhost:5000/user/login,526,0,0
1710238774336,0,Login-0,200,OK,Load Test 1-10,text,true,,343,0,10,10,null,0,0,0
1710238773807,530,Login,200,OK,Load Test 1-2,text,true,,1236,235,10,10,http://localhost:5000/user/login,529,0,1
1710238774337,0,Login-0,200,OK,Load Test 1-2,text,true,,342,0,10,10,null,0,0,0
1710238774187,271,Login,200,OK,Load Test 1-5,text,true,,1235,235,10,10,http://localhost:5000/user/login,270,0,1
1710238774457,1,Login-0,200,OK,Load Test 1-5,text,true,,341,0,10,10,null,0,0,0
1710238773671,941,Signup,201,Created,Load Test 1-3,text,true,,878,288,10,10,http://localhost:5000/user/signup,941,0,0
1710238773806,806,Signup,201,Created,Load Test 1-6,text,true,,878,288,10,10,http://localhost:5000/user/signup,806,0,0
1710238774189,760,Login,200,OK,Load Test 1-1,text,true,,1235,235,10,10,http://localhost:5000/user/login,759,0,0
1710238774949,0,Login-0,200,OK,Load Test 1-1,text,true,,341,0,10,10,null,0,0,0
1710238774188,761,Login,200,OK,Load Test 1-4,text,true,,1236,235,10,10,http://localhost:5000/user/login,761,0,0
1710238774949,0,Login-0,200,OK,Load Test 1-4,text,true,,342,0,10,10,null,0,0,0
1710238774613,431,Login,200,OK,Load Test 1-6,text,true,,1236,235,10,10,http://localhost:5000/user/login,431,0,0
1710238775044,0,Login-0,200,OK,Load Test 1-6,text,true,,342,0,10,10,null,0,0,0
1710238773968,1230,Signup,201,Created,Load Test 1-8,text,true,,878,288,10,10,http://localhost:5000/user/signup,1230,0,0
1710238774337,861,Signup,201,Created,Load Test 1-2,text,true,,878,288,10,10,http://localhost:5000/user/signup,861,0,1
1710238773968,1232,Signup,201,Created,Load Test 1-9,text,true,,878,288,10,10,http://localhost:5000/user/signup,1232,0,0
1710238774335,866,Signup,201,Created,Load Test 1-7,text,true,,878,288,10,10,http://localhost:5000/user/signup,866,0,1
1710238774336,866,Signup,201,Created,Load Test 1-10,text,true,,878,288,10,10,http://localhost:5000/user/signup,865,0,0
1710238774612,728,Login,200,OK,Load Test 1-3,text,true,,1236,235,10,10,http://localhost:5000/user/login,727,0,1
1710238775340,0,Login-0,200,OK,Load Test 1-3,text,true,,342,0,10,10,null,0,0,0
1710238774949,391,Signup,201,Created,Load Test 1-1,text,true,,878,288,10,10,http://localhost:5000/user/signup,391,0,0
1710238774458,1379,Signup,201,Created,Load Test 1-5,text,true,,878,288,10,10,http://localhost:5000/user/signup,1379,0,1
1710238774949,888,Signup,201,Created,Load Test 1-4,text,true,,878,288,10,10,http://localhost:5000/user/signup,888,0,1
1710238775200,639,Login,200,OK,Load Test 1-9,text,true,,1236,235,10,10,http://localhost:5000/user/login,638,0,0
1710238775839,0,Login-0,200,OK,Load Test 1-9,text,true,,342,0,10,10,null,0,0,0
1710238775202,637,Login,200,OK,Load Test 1-10,text,true,,1237,235,10,10,http://localhost:5000/user/login,637,0,0
1710238775839,0,Login-0,200,OK,Load Test 1-10,text,true,,343,0,10,10,null,0,0,0
1710238775201,639,Login,200,OK,Load Test 1-7,text,true,,1236,235,10,10,http://localhost:5000/user/login,639,0,1
1710238775840,0,Login-0,200,OK,Load Test 1-7,text,true,,342,0,10,10,null,0,0,0
1710238775198,643,Login,200,OK,Load Test 1-8,text,true,,1236,235,10,10,http://localhost:5000/user/login,643,0,1
1710238775841,0,Login-0,200,OK,Load Test 1-8,text,true,,342,0,10,10,null,0,0,0
1710238775199,710,Login,200,OK,Load Test 1-2,text,true,,1236,235,10,10,http://localhost:5000/user/login,710,0,0
1710238775909,0,Login-0,200,OK,Load Test 1-2,text,true,,342,0,10,10,null,0,0,0
1710238775341,569,Login,200,OK,Load Test 1-1,text,true,,1236,235,10,10,http://localhost:5000/user/login,569,0,0
1710238775910,0,Login-0,200,OK,Load Test 1-1,text,true,,342,0,10,10,null,0,0,0
1710238775045,866,Signup,201,Created,Load Test 1-6,text,true,,878,288,10,10,http://localhost:5000/user/signup,866,0,0
1710238775340,742,Signup,201,Created,Load Test 1-3,text,true,,878,288,10,10,http://localhost:5000/user/signup,742,0,1
1710238775838,449,Login,200,OK,Load Test 1-4,text,true,,1236,235,10,10,http://localhost:5000/user/login,448,0,0
1710238776286,0,Login-0,200,OK,Load Test 1-4,text,true,,342,0,10,10,null,0,0,0
1710238775912,576,Login,200,OK,Load Test 1-6,text,true,,1236,235,10,10,http://localhost:5000/user/login,576,0,0
1710238776487,0,Login-0,200,OK,Load Test 1-6,text,true,,342,0,10,10,null,0,0,0
1710238775837,652,Login,200,OK,Load Test 1-5,text,true,,1235,235,10,10,http://localhost:5000/user/login,651,0,1
1710238776488,0,Login-0,200,OK,Load Test 1-5,text,true,,341,0,10,10,null,0,0,0
1710238775910,883,Signup,201,Created,Load Test 1-1,text,true,,878,288,10,10,http://localhost:5000/user/signup,883,0,0
1710238775910,950,Signup,201,Created,Load Test 1-2,text,true,,878,288,10,10,http://localhost:5000/user/signup,950,0,0
1710238775841,1020,Signup,201,Created,Load Test 1-8,text,true,,878,288,10,10,http://localhost:5000/user/signup,1020,0,1
1710238775839,1022,Signup,201,Created,Load Test 1-9,text,true,,878,288,10,10,http://localhost:5000/user/signup,1022,0,0
1710238775839,1023,Signup,201,Created,Load Test 1-10,text,true,,878,288,10,10,http://localhost:5000/user/signup,1023,0,1
1710238775840,1023,Signup,201,Created,Load Test 1-7,text,true,,878,288,10,10,http://localhost:5000/user/signup,1023,0,0
1710238776083,783,Login,200,OK,Load Test 1-3,text,true,,1236,235,10,10,http://localhost:5000/user/login,783,0,0
1710238776865,0,Login-0,200,OK,Load Test 1-3,text,true,,342,0,10,10,null,0,0,0
1710238776860,160,Login,200,OK,Load Test 1-2,text,true,,1237,235,10,10,http://localhost:5000/user/login,160,0,0
1710238777020,0,Login-0,200,OK,Load Test 1-2,text,true,,343,0,10,10,null,0,0,0
1710238776793,227,Login,200,OK,Load Test 1-1,text,true,,1236,235,10,10,http://localhost:5000/user/login,227,0,0
1710238777020,0,Login-0,200,OK,Load Test 1-1,text,true,,342,0,10,10,null,0,0,0
1710238776488,729,Signup,201,Created,Load Test 1-6,text,true,,878,288,10,10,http://localhost:5000/user/signup,729,0,0
1710238776488,729,Signup,201,Created,Load Test 1-5,text,true,,878,288,10,10,http://localhost:5000/user/signup,729,0,0
1710238776286,933,Signup,201,Created,Load Test 1-4,text,true,,878,288,10,10,http://localhost:5000/user/signup,933,0,1
1710238776860,425,Login,200,OK,Load Test 1-8,text,true,,1236,235,10,10,http://localhost:5000/user/login,425,0,1
1710238777285,0,Login-0,200,OK,Load Test 1-8,text,true,,342,0,10,10,null,0,0,0
1710238776862,423,Login,200,OK,Load Test 1-10,text,true,,1237,235,10,10,http://localhost:5000/user/login,423,0,0
1710238777285,0,Login-0,200,OK,Load Test 1-10,text,true,,343,0,10,10,null,0,0,0
1710238776862,424,Login,200,OK,Load Test 1-7,text,true,,1236,235,10,10,http://localhost:5000/user/login,424,0,1
1710238777286,0,Login-0,200,OK,Load Test 1-7,text,true,,342,0,10,10,null,0,0,0
1710238776861,491,Login,200,OK,Load Test 1-9,text,true,,1236,235,10,10,http://localhost:5000/user/login,491,0,0
1710238777352,0,Login-0,200,OK,Load Test 1-9,text,true,,342,0,10,10,null,0,0,0
1710238776866,769,Signup,201,Created,Load Test 1-3,text,true,,878,288,10,10,http://localhost:5000/user/signup,769,0,0
1710238777217,420,Login,200,OK,Load Test 1-6,text,true,,1236,235,10,10,http://localhost:5000/user/login,419,0,1
1710238777637,0,Login-0,200,OK,Load Test 1-6,text,true,,342,0,10,10,null,0,0,0
1710238777219,483,Login,200,OK,Load Test 1-4,text,true,,1236,235,10,10,http://localhost:5000/user/login,483,0,0
1710238777702,0,Login-0,200,OK,Load Test 1-4,text,true,,342,0,10,10,null,0,0,0
1710238777218,485,Login,200,OK,Load Test 1-5,text,true,,1235,235,10,10,http://localhost:5000/user/login,485,0,0
1710238777703,0,Login-0,200,OK,Load Test 1-5,text,true,,341,0,10,10,null,0,0,0
1710238777021,946,Signup,201,Created,Load Test 1-2,text,true,,880,289,10,10,http://localhost:5000/user/signup,946,0,0
1710238777636,424,Login,200,OK,Load Test 1-3,text,true,,1236,235,10,10,http://localhost:5000/user/login,424,0,0
1710238778060,0,Login-0,200,OK,Load Test 1-3,text,true,,342,0,10,10,null,0,0,0
1710238777286,841,Signup,201,Created,Load Test 1-7,text,true,,880,289,10,10,http://localhost:5000/user/signup,841,0,1
1710238777286,842,Signup,201,Created,Load Test 1-8,text,true,,880,289,10,10,http://localhost:5000/user/signup,842,0,0
1710238777021,1108,Signup,201,Created,Load Test 1-1,text,true,,880,289,10,10,http://localhost:5000/user/signup,1108,0,0
1710238777286,843,Signup,201,Created,Load Test 1-10,text,true,,880,289,10,10,http://localhost:5000/user/signup,843,0,0
1710238777353,777,Signup,201,Created,Load Test 1-9,text,true,,880,289,10,10,http://localhost:5000/user/signup,777,0,0
1710238777967,361,Login,200,OK,Load Test 1-2,text,true,,1240,236,10,10,http://localhost:5000/user/login,361,0,1
1710238778328,0,Login-0,200,OK,Load Test 1-2,text,true,,344,0,10,10,null,0,0,0
1710238778130,351,Login,200,OK,Load Test 1-10,text,true,,1240,236,10,10,http://localhost:5000/user/login,351,0,0
1710238778481,0,Login-0,200,OK,Load Test 1-10,text,true,,344,0,10,10,null,0,0,0
1710238778128,418,Login,200,OK,Load Test 1-7,text,true,,1239,236,10,10,http://localhost:5000/user/login,418,0,0
1710238778546,0,Login-0,200,OK,Load Test 1-7,text,true,,343,0,10,10,null,0,0,0
1710238777637,1103,Signup,201,Created,Load Test 1-6,text,true,,880,289,10,10,http://localhost:5000/user/signup,1103,0,0
1710238777703,1038,Signup,201,Created,Load Test 1-4,text,true,,880,289,10,10,http://localhost:5000/user/signup,1038,0,0
1710238777703,1039,Signup,201,Created,Load Test 1-5,text,true,,880,289,10,10,http://localhost:5000/user/signup,1039,0,0
1710238778129,615,Login,200,OK,Load Test 1-1,text,true,,1239,236,10,10,http://localhost:5000/user/login,615,0,0
1710238778744,0,Login-0,200,OK,Load Test 1-1,text,true,,343,0,10,10,null,0,0,0
1710238778128,617,Login,200,OK,Load Test 1-8,text,true,,1239,236,10,10,http://localhost:5000/user/login,617,0,0
1710238778745,0,Login-0,200,OK,Load Test 1-8,text,true,,343,0,10,10,null,0,0,0
1710238778130,616,Login,200,OK,Load Test 1-9,text,true,,1239,236,10,10,http://localhost:5000/user/login,616,0,0
1710238778746,0,Login-0,200,OK,Load Test 1-9,text,true,,343,0,10,10,null,0,0,0
1710238778061,754,Signup,201,Created,Load Test 1-3,text,true,,880,289,10,10,http://localhost:5000/user/signup,753,0,0
1710238778741,293,Login,200,OK,Load Test 1-6,text,true,,1240,236,10,10,http://localhost:5000/user/login,293,0,0
1710238779034,0,Login-0,200,OK,Load Test 1-6,text,true,,344,0,10,10,null,0,0,0
1710238778743,292,Login,200,OK,Load Test 1-5,text,true,,1239,236,10,10,http://localhost:5000/user/login,292,0,0
1710238779035,0,Login-0,200,OK,Load Test 1-5,text,true,,343,0,10,10,null,0,0,0
1710238778329,838,Signup,201,Created,Load Test 1-2,text,true,,880,289,10,10,http://localhost:5000/user/signup,838,0,0
1710238778815,548,Login,200,OK,Load Test 1-3,text,true,,1240,236,10,10,http://localhost:5000/user/login,548,0,0
1710238779363,0,Login-0,200,OK,Load Test 1-3,text,true,,344,0,10,10,null,0,0,0
1710238778741,623,Login,200,OK,Load Test 1-4,text,true,,1240,236,10,10,http://localhost:5000/user/login,623,0,1
1710238779364,0,Login-0,200,OK,Load Test 1-4,text,true,,344,0,10,10,null,0,0,0
1710238778482,949,Signup,201,Created,Load Test 1-10,text,true,,880,289,10,10,http://localhost:5000/user/signup,949,0,0
1710238778745,842,Signup,201,Created,Load Test 1-1,text,true,,880,289,10,10,http://localhost:5000/user/signup,842,0,0
1710238778745,909,Signup,201,Created,Load Test 1-8,text,true,,880,289,10,10,http://localhost:5000/user/signup,909,0,1
1710238778746,909,Signup,201,Created,Load Test 1-9,text,true,,880,289,10,10,http://localhost:5000/user/signup,909,0,0
1710238778546,1110,Signup,201,Created,Load Test 1-7,text,true,,880,289,10,10,http://localhost:5000/user/signup,1110,0,1
1710238779167,556,Login,200,OK,Load Test 1-2,text,true,,1240,236,10,10,http://localhost:5000/user/login,556,0,0
1710238779723,0,Login-0,200,OK,Load Test 1-2,text,true,,344,0,10,10,null,0,0,0
1710238779431,425,Login,200,OK,Load Test 1-10,text,true,,1241,236,10,10,http://localhost:5000/user/login,425,0,1
1710238779856,0,Login-0,200,OK,Load Test 1-10,text,true,,345,0,10,10,null,0,0,0
1710238779035,822,Signup,201,Created,Load Test 1-6,text,true,,880,289,10,10,http://localhost:5000/user/signup,822,0,0
1710238779655,441,Login,200,OK,Load Test 1-9,text,true,,1240,236,10,10,http://localhost:5000/user/login,441,0,0
1710238780096,0,Login-0,200,OK,Load Test 1-9,text,true,,344,0,10,10,null,0,0,0
1710238779654,443,Login,200,OK,Load Test 1-8,text,true,,1240,236,10,10,http://localhost:5000/user/login,443,0,1
1710238780097,0,Login-0,200,OK,Load Test 1-8,text,true,,344,0,10,10,null,0,0,0
1710238779857,241,Login,200,OK,Load Test 1-6,text,true,,1240,236,10,10,http://localhost:5000/user/login,241,0,0
1710238780098,0,Login-0,200,OK,Load Test 1-6,text,true,,344,0,10,10,null,0,0,0
1710238779035,1265,Signup,201,Created,Load Test 1-5,text,true,,880,289,10,10,http://localhost:5000/user/signup,1265,0,1
1710238779363,938,Signup,201,Created,Load Test 1-3,text,true,,880,289,10,10,http://localhost:5000/user/signup,938,0,1
1710238779364,939,Signup,201,Created,Load Test 1-4,text,true,,880,289,10,10,http://localhost:5000/user/signup,939,0,0
1710238779656,748,Login,200,OK,Load Test 1-7,text,true,,1240,236,10,10,http://localhost:5000/user/login,748,0,0
1710238780404,0,Login-0,200,OK,Load Test 1-7,text,true,,344,0,10,10,null,0,0,0
1710238779588,816,Login,200,OK,Load Test 1-1,text,true,,1239,236,10,10,http://localhost:5000/user/login,816,0,0
1710238780404,0,Login-0,200,OK,Load Test 1-1,text,true,,343,0,10,10,null,0,0,0
1710238779723,1308,Signup,201,Created,Load Test 1-2,text,true,,880,289,10,10,http://localhost:5000/user/signup,1308,0,1
1710238779856,1176,Signup,201,Created,Load Test 1-10,text,true,,880,289,10,10,http://localhost:5000/user/signup,1176,0,0
1710238780302,833,Login,200,OK,Load Test 1-3,text,true,,1240,236,10,10,http://localhost:5000/user/login,832,0,0
1710238781135,0,Login-0,200,OK,Load Test 1-3,text,true,,344,0,10,10,null,0,0,0
1710238780301,834,Login,200,OK,Load Test 1-5,text,true,,1239,236,10,10,http://localhost:5000/user/login,834,0,0
1710238781135,0,Login-0,200,OK,Load Test 1-5,text,true,,343,0,10,10,null,0,0,0
1710238780303,834,Login,200,OK,Load Test 1-4,text,true,,1240,236,10,10,http://localhost:5000/user/login,834,0,1
1710238781137,0,Login-0,200,OK,Load Test 1-4,text,true,,344,0,10,10,null,0,0,0
1710238780097,1240,Signup,201,Created,Load Test 1-8,text,true,,880,289,10,10,http://localhost:5000/user/signup,1240,0,0
1710238780096,1242,Signup,201,Created,Load Test 1-9,text,true,,880,289,10,10,http://localhost:5000/user/signup,1242,0,1
1710238781339,432,Login,200,OK,Load Test 1-9,text,true,,1240,236,10,10,http://localhost:5000/user/login,432,0,0
1710238781771,0,Login-0,200,OK,Load Test 1-9,text,true,,344,0,10,10,null,0,0,0
1710238781031,740,Login,200,OK,Load Test 1-2,text,true,,1240,236,10,10,http://localhost:5000/user/login,740,0,1
1710238781772,0,Login-0,200,OK,Load Test 1-2,text,true,,344,0,10,10,null,0,0,0
1710238781032,741,Login,200,OK,Load Test 1-10,text,true,,1241,236,10,10,http://localhost:5000/user/login,740,0,0
1710238781773,1,Login-0,200,OK,Load Test 1-10,text,true,,345,0,10,10,null,0,0,0
1710238781338,437,Login,200,OK,Load Test 1-8,text,true,,1240,236,10,10,http://localhost:5000/user/login,437,0,1
1710238781775,0,Login-0,200,OK,Load Test 1-8,text,true,,344,0,10,10,null,0,0,0
1710238780098,1979,Signup,201,Created,Load Test 1-6,text,true,,880,289,10,10,http://localhost:5000/user/signup,1979,0,1
1710238780404,1674,Signup,201,Created,Load Test 1-7,text,true,,880,289,10,10,http://localhost:5000/user/signup,1674,0,1
1710238780405,1674,Signup,201,Created,Load Test 1-1,text,true,,880,289,10,10,http://localhost:5000/user/signup,1674,0,0
1710238781137,1372,Signup,201,Created,Load Test 1-4,text,true,,880,289,10,10,http://localhost:5000/user/signup,1372,0,1
1710238781135,1375,Signup,201,Created,Load Test 1-3,text,true,,880,289,10,10,http://localhost:5000/user/signup,1375,0,0
1710238781136,1376,Signup,201,Created,Load Test 1-5,text,true,,880,289,10,10,http://localhost:5000/user/signup,1375,0,0
1710238782079,638,Login,200,OK,Load Test 1-7,text,true,,1240,236,10,10,http://localhost:5000/user/login,638,0,1
1710238782717,0,Login-0,200,OK,Load Test 1-7,text,true,,344,0,10,10,null,0,0,0
1710238782079,740,Login,200,OK,Load Test 1-6,text,true,,1240,236,10,10,http://localhost:5000/user/login,740,0,0
1710238782819,0,Login-0,200,OK,Load Test 1-6,text,true,,344,0,10,10,null,0,0,0
1710238781772,1048,Signup,201,Created,Load Test 1-9,text,true,,880,289,10,10,http://localhost:5000/user/signup,1048,0,0
1710238782081,743,Login,200,OK,Load Test 1-1,text,true,,1239,236,10,10,http://localhost:5000/user/login,743,0,0
1710238782824,0,Login-0,200,OK,Load Test 1-1,text,true,,343,0,10,10,null,0,0,0
1710238781774,1493,Signup,201,Created,Load Test 1-10,text,true,,880,289,10,10,http://localhost:5000/user/signup,1492,0,0
1710238781775,1492,Signup,201,Created,Load Test 1-8,text,true,,880,289,10,10,http://localhost:5000/user/signup,1492,0,0
1710238781772,1497,Signup,201,Created,Load Test 1-2,text,true,,880,289,10,10,http://localhost:5000/user/signup,1496,0,1
1710238782513,758,Login,200,OK,Load Test 1-5,text,true,,1239,236,10,10,http://localhost:5000/user/login,757,0,1
1710238783271,0,Login-0,200,OK,Load Test 1-5,text,true,,343,0,10,10,null,0,0,0
1710238782511,762,Login,200,OK,Load Test 1-4,text,true,,1240,236,10,10,http://localhost:5000/user/login,762,0,0
1710238783273,0,Login-0,200,OK,Load Test 1-4,text,true,,344,0,10,10,null,0,0,0
1710238782511,764,Login,200,OK,Load Test 1-3,text,true,,1240,236,10,10,http://localhost:5000/user/login,764,0,1
1710238783275,0,Login-0,200,OK,Load Test 1-3,text,true,,344,0,10,10,null,0,0,0
1710238782821,761,Login,200,OK,Load Test 1-9,text,true,,1240,236,10,10,http://localhost:5000/user/login,761,0,0
1710238783582,0,Login-0,200,OK,Load Test 1-9,text,true,,344,0,10,10,null,0,0,0
1710238782824,1003,Signup,201,Created,Load Test 1-1,text,true,,880,289,10,10,http://localhost:5000/user/signup,1003,0,1
1710238782820,1109,Signup,201,Created,Load Test 1-6,text,true,,880,289,10,10,http://localhost:5000/user/signup,1109,0,0
1710238782718,1213,Signup,201,Created,Load Test 1-7,text,true,,880,289,10,10,http://localhost:5000/user/signup,1213,0,0
1710238783268,664,Login,200,OK,Load Test 1-8,text,true,,1240,236,10,10,http://localhost:5000/user/login,664,0,0
1710238783932,0,Login-0,200,OK,Load Test 1-8,text,true,,344,0,10,10,null,0,0,0
1710238783267,666,Login,200,OK,Load Test 1-10,text,true,,1241,236,10,10,http://localhost:5000/user/login,666,0,1
1710238783933,0,Login-0,200,OK,Load Test 1-10,text,true,,345,0,10,10,null,0,0,0
1710238783269,1082,Login,200,OK,Load Test 1-2,text,true,,1240,236,10,10,http://localhost:5000/user/login,1082,0,0
1710238784351,0,Login-0,200,OK,Load Test 1-2,text,true,,344,0,10,10,null,0,0,0
1710238783827,634,Login,200,OK,Load Test 1-1,text,true,,1239,236,10,10,http://localhost:5000/user/login,634,0,1
1710238784461,0,Login-0,200,OK,Load Test 1-1,text,true,,343,0,10,10,null,0,0,0
1710238783583,1014,Signup,201,Created,Load Test 1-9,text,true,,880,289,10,10,http://localhost:5000/user/signup,1014,0,0
1710238783276,1322,Signup,201,Created,Load Test 1-3,text,true,,880,289,10,10,http://localhost:5000/user/signup,1322,0,0
1710238783271,1327,Signup,201,Created,Load Test 1-5,text,true,,880,289,10,10,http://localhost:5000/user/signup,1327,0,1
1710238783273,1326,Signup,201,Created,Load Test 1-4,text,true,,880,289,10,10,http://localhost:5000/user/signup,1326,0,1
1710238783930,670,Login,200,OK,Load Test 1-6,text,true,,1240,236,10,10,http://localhost:5000/user/login,670,0,0
1710238784600,0,Login-0,200,OK,Load Test 1-6,text,true,,344,0,10,10,null,0,0,0
1710238783931,804,Login,200,OK,Load Test 1-7,text,true,,1240,236,10,10,http://localhost:5000/user/login,803,0,1
1710238784734,1,Login-0,200,OK,Load Test 1-7,text,true,,344,0,10,10,null,0,0,0
1710238784598,432,Login,200,OK,Load Test 1-3,text,true,,1240,236,10,10,http://localhost:5000/user/login,432,0,0
1710238785030,0,Login-0,200,OK,Load Test 1-3,text,true,,344,0,10,10,null,0,0,0
1710238784597,434,Login,200,OK,Load Test 1-9,text,true,,1240,236,10,10,http://localhost:5000/user/login,433,0,1
1710238785031,0,Login-0,200,OK,Load Test 1-9,text,true,,344,0,10,10,null,0,0,0
1710238784599,432,Login,200,OK,Load Test 1-5,text,true,,1239,236,10,10,http://localhost:5000/user/login,432,0,0
1710238785031,0,Login-0,200,OK,Load Test 1-5,text,true,,343,0,10,10,null,0,0,0
1710238783934,1238,Signup,201,Created,Load Test 1-10,text,true,,880,289,10,10,http://localhost:5000/user/signup,1238,0,0
1710238784352,821,Signup,201,Created,Load Test 1-2,text,true,,880,289,10,10,http://localhost:5000/user/signup,820,0,1
1710238783933,1241,Signup,201,Created,Load Test 1-8,text,true,,880,289,10,10,http://localhost:5000/user/signup,1241,0,0
1710238784599,578,Login,200,OK,Load Test 1-4,text,true,,1240,236,10,10,http://localhost:5000/user/login,577,0,1
1710238785176,1,Login-0,200,OK,Load Test 1-4,text,true,,344,0,10,10,null,0,0,0
1710238784461,854,Signup,201,Created,Load Test 1-1,text,true,,880,289,10,10,http://localhost:5000/user/signup,854,0,1
1710238784601,934,Signup,201,Created,Load Test 1-6,text,true,,880,289,10,10,http://localhost:5000/user/signup,934,0,0
1710238784735,866,Signup,201,Created,Load Test 1-7,text,true,,880,289,10,10,http://localhost:5000/user/signup,866,0,0
1710238785172,563,Login,200,OK,Load Test 1-10,text,true,,1241,236,10,10,http://localhost:5000/user/login,563,0,1
1710238785735,0,Login-0,200,OK,Load Test 1-10,text,true,,345,0,10,10,null,0,0,0
1710238785174,629,Login,200,OK,Load Test 1-8,text,true,,1240,236,10,10,http://localhost:5000/user/login,628,0,1
1710238785803,0,Login-0,200,OK,Load Test 1-8,text,true,,344,0,10,10,null,0,0,0
1710238785173,630,Login,200,OK,Load Test 1-2,text,true,,1240,236,10,10,http://localhost:5000/user/login,630,0,0
1710238785803,0,Login-0,200,OK,Load Test 1-2,text,true,,344,0,10,10,null,0,0,0
1710238785316,555,Login,200,OK,Load Test 1-1,text,true,,1239,236,10,10,http://localhost:5000/user/login,555,0,0
1710238785871,0,Login-0,200,OK,Load Test 1-1,text,true,,343,0,10,10,null,0,0,0
1710238785031,841,Signup,201,Created,Load Test 1-3,text,true,,880,289,10,10,http://localhost:5000/user/signup,841,0,0
1710238785535,502,Login,200,OK,Load Test 1-6,text,true,,1240,236,10,10,http://localhost:5000/user/login,502,0,1
1710238786037,0,Login-0,200,OK,Load Test 1-6,text,true,,344,0,10,10,null,0,0,0
1710238785031,1140,Signup,201,Created,Load Test 1-9,text,true,,880,289,10,10,http://localhost:5000/user/signup,1140,0,0
1710238785177,995,Signup,201,Created,Load Test 1-4,text,true,,880,289,10,10,http://localhost:5000/user/signup,995,0,1
1710238785031,1142,Signup,201,Created,Load Test 1-5,text,true,,880,289,10,10,http://localhost:5000/user/signup,1142,0,1
1710238785602,573,Login,200,OK,Load Test 1-7,text,true,,1240,236,10,10,http://localhost:5000/user/login,573,0,0
1710238786175,0,Login-0,200,OK,Load Test 1-7,text,true,,344,0,10,10,null,0,0,0
1710238785872,305,Login,200,OK,Load Test 1-3,text,true,,1240,236,10,10,http://localhost:5000/user/login,304,0,1
1710238786177,0,Login-0,200,OK,Load Test 1-3,text,true,,344,0,10,10,null,0,0,0
1710238785735,642,Signup,201,Created,Load Test 1-10,text,true,,880,289,10,10,http://localhost:5000/user/signup,642,0,1
1710238785803,929,Signup,201,Created,Load Test 1-8,text,true,,880,289,10,10,http://localhost:5000/user/signup,928,0,0
1710238785871,861,Signup,201,Created,Load Test 1-1,text,true,,880,289,10,10,http://localhost:5000/user/signup,861,0,1
1710238785803,930,Signup,201,Created,Load Test 1-2,text,true,,880,289,10,10,http://localhost:5000/user/signup,930,0,0
1710238786172,562,Login,200,OK,Load Test 1-4,text,true,,1240,236,10,10,http://localhost:5000/user/login,562,0,0
1710238786734,0,Login-0,200,OK,Load Test 1-4,text,true,,344,0,10,10,null,0,0,0
1710238786173,628,Login,200,OK,Load Test 1-5,text,true,,1239,236,10,10,http://localhost:5000/user/login,628,0,0
1710238786801,0,Login-0,200,OK,Load Test 1-5,text,true,,343,0,10,10,null,0,0,0
1710238786171,631,Login,200,OK,Load Test 1-9,text,true,,1240,236,10,10,http://localhost:5000/user/login,631,0,1
1710238786802,0,Login-0,200,OK,Load Test 1-9,text,true,,344,0,10,10,null,0,0,0
1710238786377,491,Login,200,OK,Load Test 1-10,text,true,,1241,236,10,10,http://localhost:5000/user/login,491,0,0
1710238786868,0,Login-0,200,OK,Load Test 1-10,text,true,,345,0,10,10,null,0,0,0
1710238786037,832,Signup,201,Created,Load Test 1-6,text,true,,880,289,10,10,http://localhost:5000/user/signup,832,0,0
1710238786732,227,Login,200,OK,Load Test 1-8,text,true,,1240,236,10,10,http://localhost:5000/user/login,227,0,0
1710238786959,0,Login-0,200,OK,Load Test 1-8,text,true,,344,0,10,10,null,0,0,0
1710238786176,984,Signup,201,Created,Load Test 1-7,text,true,,880,289,10,10,http://localhost:5000/user/signup,984,0,0
1710238786177,984,Signup,201,Created,Load Test 1-3,text,true,,880,289,10,10,http://localhost:5000/user/signup,983,0,0
1710238786733,495,Login,200,OK,Load Test 1-2,text,true,,1240,236,10,10,http://localhost:5000/user/login,495,0,0
1710238787228,0,Login-0,200,OK,Load Test 1-2,text,true,,344,0,10,10,null,0,0,0
1710238786732,497,Login,200,OK,Load Test 1-1,text,true,,1239,236,10,10,http://localhost:5000/user/login,496,0,1
1710238787229,0,Login-0,200,OK,Load Test 1-1,text,true,,343,0,10,10,null,0,0,0
1710238786870,555,Login,200,OK,Load Test 1-6,text,true,,1240,236,10,10,http://localhost:5000/user/login,555,0,0
1710238787425,0,Login-0,200,OK,Load Test 1-6,text,true,,344,0,10,10,null,0,0,0
1710238787161,356,Login,200,OK,Load Test 1-3,text,true,,1240,236,10,10,http://localhost:5000/user/login,356,0,0
1710238787517,0,Login-0,200,OK,Load Test 1-3,text,true,,344,0,10,10,null,0,0,0
1710238786869,649,Signup,201,Created,Load Test 1-10,text,true,,880,289,10,10,http://localhost:5000/user/signup,649,0,0
1710238786802,717,Signup,201,Created,Load Test 1-5,text,true,,880,289,10,10,http://localhost:5000/user/signup,717,0,0
1710238786734,852,Signup,201,Created,Load Test 1-4,text,true,,880,289,10,10,http://localhost:5000/user/signup,852,0,1
1710238786802,784,Signup,201,Created,Load Test 1-9,text,true,,880,289,10,10,http://localhost:5000/user/signup,784,0,0
1710238787160,692,Login,200,OK,Load Test 1-7,text,true,,1240,236,10,10,http://localhost:5000/user/login,692,0,1
1710238787852,0,Login-0,200,OK,Load Test 1-7,text,true,,344,0,10,10,null,0,0,0
1710238787229,981,Signup,201,Created,Load Test 1-2,text,true,,880,289,10,10,http://localhost:5000/user/signup,981,0,0
1710238786959,1252,Signup,201,Created,Load Test 1-8,text,true,,880,289,10,10,http://localhost:5000/user/signup,1252,0,1
1710238787229,983,Signup,201,Created,Load Test 1-1,text,true,,880,289,10,10,http://localhost:5000/user/signup,983,0,0
1710238787426,787,Signup,201,Created,Load Test 1-6,text,true,,880,289,10,10,http://localhost:5000/user/signup,787,0,0
1710238787519,696,Login,200,OK,Load Test 1-5,text,true,,1239,236,10,10,http://localhost:5000/user/login,696,0,0
1710238788215,0,Login-0,200,OK,Load Test 1-5,text,true,,343,0,10,10,null,0,0,0
1710238787586,629,Login,200,OK,Load Test 1-4,text,true,,1240,236,10,10,http://localhost:5000/user/login,629,0,0
1710238788215,0,Login-0,200,OK,Load Test 1-4,text,true,,344,0,10,10,null,0,0,0
1710238787518,699,Login,200,OK,Load Test 1-10,text,true,,1241,236,10,10,http://localhost:5000/user/login,698,0,1
1710238788217,0,Login-0,200,OK,Load Test 1-10,text,true,,345,0,10,10,null,0,0,0
1710238787587,697,Login,200,OK,Load Test 1-9,text,true,,1240,236,10,10,http://localhost:5000/user/login,697,0,0
1710238788284,0,Login-0,200,OK,Load Test 1-9,text,true,,344,0,10,10,null,0,0,0
1710238787517,768,Signup,201,Created,Load Test 1-3,text,true,,880,289,10,10,http://localhost:5000/user/signup,768,0,1
1710238788211,163,Login,200,OK,Load Test 1-2,text,true,,1240,236,10,10,http://localhost:5000/user/login,163,0,0
1710238788374,0,Login-0,200,OK,Load Test 1-2,text,true,,344,0,10,10,null,0,0,0
1710238787853,785,Signup,201,Created,Load Test 1-7,text,true,,880,289,10,10,http://localhost:5000/user/signup,785,0,0
1710238788212,427,Login,200,OK,Load Test 1-1,text,true,,1239,236,10,10,http://localhost:5000/user/login,426,0,1
1710238788639,0,Login-0,200,OK,Load Test 1-1,text,true,,343,0,10,10,null,0,0,0
1710238788211,428,Login,200,OK,Load Test 1-8,text,true,,1240,236,10,10,http://localhost:5000/user/login,428,0,0
1710238788639,0,Login-0,200,OK,Load Test 1-8,text,true,,344,0,10,10,null,0,0,0
1710238788213,427,Login,200,OK,Load Test 1-6,text,true,,1240,236,10,10,http://localhost:5000/user/login,427,0,1
1710238788640,0,Login-0,200,OK,Load Test 1-6,text,true,,344,0,10,10,null,0,0,0
1710238788285,707,Login,200,OK,Load Test 1-3,text,true,,1240,236,10,10,http://localhost:5000/user/login,707,0,0
1710238788992,0,Login-0,200,OK,Load Test 1-3,text,true,,344,0,10,10,null,0,0,0
1710238788215,1206,Signup,201,Created,Load Test 1-5,text,true,,880,289,10,10,http://localhost:5000/user/signup,1206,0,1
1710238788216,1206,Signup,201,Created,Load Test 1-4,text,true,,880,289,10,10,http://localhost:5000/user/signup,1206,0,0
1710238788284,1139,Signup,201,Created,Load Test 1-9,text,true,,880,289,10,10,http://localhost:5000/user/signup,1139,0,1
1710238788217,1208,Signup,201,Created,Load Test 1-10,text,true,,880,289,10,10,http://localhost:5000/user/signup,1208,0,0
1710238788639,788,Login,200,OK,Load Test 1-7,text,true,,1240,236,10,10,http://localhost:5000/user/login,788,0,0
1710238789427,0,Login-0,200,OK,Load Test 1-7,text,true,,344,0,10,10,null,0,0,0
1710238788375,1254,Signup,201,Created,Load Test 1-2,text,true,,880,289,10,10,http://localhost:5000/user/signup,1254,0,0
1710238788639,991,Signup,201,Created,Load Test 1-1,text,true,,880,289,10,10,http://localhost:5000/user/signup,991,0,0
1710238788639,994,Signup,201,Created,Load Test 1-8,text,true,,880,289,10,10,http://localhost:5000/user/signup,994,0,1
1710238789422,338,Login,200,OK,Load Test 1-5,text,true,,1239,236,10,10,http://localhost:5000/user/login,338,0,0
1710238789760,0,Login-0,200,OK,Load Test 1-5,text,true,,343,0,10,10,null,0,0,0
1710238788640,1723,Signup,201,Created,Load Test 1-6,text,true,,880,289,10,10,http://localhost:5000/user/signup,1723,0,0
1710238788992,1372,Signup,201,Created,Load Test 1-3,text,true,,880,289,10,10,http://localhost:5000/user/signup,1372,0,1
1710238789424,942,Login,200,OK,Load Test 1-9,text,true,,1240,236,10,10,http://localhost:5000/user/login,941,0,0
1710238790365,1,Login-0,200,OK,Load Test 1-9,text,true,,344,0,10,10,null,0,0,0
1710238789423,944,Login,200,OK,Load Test 1-4,text,true,,1240,236,10,10,http://localhost:5000/user/login,944,0,0
1710238790367,0,Login-0,200,OK,Load Test 1-4,text,true,,344,0,10,10,null,0,0,0
1710238789425,1043,Login,200,OK,Load Test 1-10,text,true,,1241,236,10,10,http://localhost:5000/user/login,1043,0,0
1710238790468,0,Login-0,200,OK,Load Test 1-10,text,true,,345,0,10,10,null,0,0,0
1710238789631,839,Login,200,OK,Load Test 1-1,text,true,,1239,236,10,10,http://localhost:5000/user/login,839,0,0
1710238790470,0,Login-0,200,OK,Load Test 1-1,text,true,,343,0,10,10,null,0,0,0
1710238789633,840,Login,200,OK,Load Test 1-8,text,true,,1240,236,10,10,http://localhost:5000/user/login,839,0,0
1710238790473,0,Login-0,200,OK,Load Test 1-8,text,true,,344,0,10,10,null,0,0,0
1710238789630,844,Login,200,OK,Load Test 1-2,text,true,,1240,236,10,10,http://localhost:5000/user/login,843,0,0
1710238790474,0,Login-0,200,OK,Load Test 1-2,text,true,,344,0,10,10,null,0,0,0
1710238789427,1373,Signup,201,Created,Load Test 1-7,text,true,,880,289,10,10,http://localhost:5000/user/signup,1373,0,1
1710238790364,438,Login,200,OK,Load Test 1-6,text,true,,1240,236,10,10,http://localhost:5000/user/login,438,0,0
1710238790802,0,Login-0,200,OK,Load Test 1-6,text,true,,344,0,10,10,null,0,0,0
1710238789760,1650,Signup,201,Created,Load Test 1-5,text,true,,880,289,10,10,http://localhost:5000/user/signup,1650,0,1
1710238790364,1047,Login,200,OK,Load Test 1-3,text,true,,1240,236,10,10,http://localhost:5000/user/login,1047,0,1
1710238791411,0,Login-0,200,OK,Load Test 1-3,text,true,,344,0,10,10,null,0,0,0
1710238790470,1190,Signup,201,Created,Load Test 1-1,text,true,,880,289,8,8,http://localhost:5000/user/signup,1190,0,1
1710238790468,1193,Signup,201,Created,Load Test 1-10,text,true,,880,289,7,7,http://localhost:5000/user/signup,1193,0,1
1710238790473,1189,Signup,201,Created,Load Test 1-8,text,true,,880,289,6,6,http://localhost:5000/user/signup,1189,0,0
1710238790474,1189,Signup,201,Created,Load Test 1-2,text,true,,880,289,5,5,http://localhost:5000/user/signup,1189,0,0
1710238790367,1297,Signup,201,Created,Load Test 1-4,text,true,,880,289,4,4,http://localhost:5000/user/signup,1297,0,0
1710238790366,1299,Signup,201,Created,Load Test 1-9,text,true,,880,289,3,3,http://localhost:5000/user/signup,1299,0,0
1710238790801,870,Login,200,OK,Load Test 1-7,text,true,,1240,236,2,2,http://localhost:5000/user/login,870,0,0
1710238791671,0,Login-0,200,OK,Load Test 1-7,text,true,,344,0,2,2,null,0,0,0
1710238790803,905,Signup,201,Created,Load Test 1-6,text,true,,880,289,1,1,http://localhost:5000/user/signup,905,0,0
